epoch,opt0_lr0,step,train_loss
,0.0001,0,
0,,49,0.03767950460314751
0,,99,0.018209585919976234
0,,149,0.011522551998496056
